,resp_rate_median_value,sbp_min_value,agp_avg,hr_max_value,icustay_seq,Disease_Onset_Period,agp_min,lactate_mean,Age,wbc,resp_rate_max_value,bun,hr_min_value,creatinine_baseline,sbp_variance_value,ventilation,pco2,totalco2,weight,gcs
count,1198,1198,1198,1198,1198,1198,1198,1198,1198,1198,1198,1198,1198,1198,1198,1198,1198,1198,1198,1198
mean,19.52337229,84.51126878,12.01502504,113.2495826,1.081803005,15.1836394,8.267111853,2.365552326,64.60434057,10.68330551,32.2124374,27.16861436,64.43071786,0.97827424,254.9196868,0.365609349,44.41402337,23.80467446,81.8204322,14.221202
std,4.399387686,20.13186682,3.327278906,26.15806293,0.326986322,18.31419825,3.435589959,1.833397946,16.16705959,6.524988668,8.543450529,23.26660598,15.55639616,1.233667713,235.8163359,0.481801743,11.03221698,5.07259693,22.75934783,2.159547098
min,8,6,4,54,1,0,-10,0.3,18,0.1,14,1,7,0.139124296,0.5,0,14,4,28.8,3
25%,16.625,74,10,94,1,5,6,1.5,56,7.1,26,13,54,0.5,127.4826772,0,39,22,66.625,15
50%,19,85,11,110,1,9,8,2.365552326,66,9.4,31,19,63,0.7,196.3971727,0,43,24,78.2,15
75%,22,95,13,129,1,18,10,2.365552326,76,12.4,36,34,73,0.9,307.5444197,1,47,26,94.2125,15
max,43.5,161,35,282,5,186,33,27,102,92.2,67,180,149,16.2,2550.719212,1,104,51,190,15
