,agp_min,bun,hospstay_seq,sbp_min_value,po2,resp_rate_avg_value,Disease_Onset_Period,hr_max_value,agp_max,los_icu,resp_rate_max_value,ast_max,ph,creatinine,inr_avg,ventilation,pco2,Gender,gcs,resp_rate_variance_value
count,1198,1198,1198,1198,1198,1198,1198,1198,1198,1198,1198,1198,1198,1198,1198,1198,1198,1198,1198,1198
mean,8.267111853,27.16861436,1.589315526,84.51126878,126.4323873,19.75445191,15.1836394,113.2495826,16.83055092,5.132888147,32.2124374,258.5626043,7.345826377,1.523789649,1559.604754,0.365609349,44.41402337,0.550083472,14.221202,20.56282724
std,3.435589959,23.26660598,1.739016911,20.13186682,118.2498453,4.066865262,18.31419825,26.15806293,5.32240436,8.315198494,8.543450529,1135.166697,0.084906612,1.897985564,24247.30065,0.481801743,11.03221698,0.497693084,2.159547098,14.30334408
min,-10,1,1,6,15,10.15625,0,54,5,0.01,14,9,6.95,0.2,0.9,0,14,0,3,0
25%,6,13,1,74,57,16.93021156,5,94,13,1.24,26,25,7.32,0.7,1.18489011,0,39,0,15,11.20041134
50%,8,19,1,85,80,19.08214286,9,110,16,2.32,31,40,7.36,0.9,1.3,0,43,1,15,16.85712725
75%,10,34,1,95,140,21.79912173,18,129,19,5.0975,36,89,7.39,1.5,1.470238095,1,47,1,15,26.2660594
max,33,180,20,161,536,41,186,282,49,136.03,67,16000,7.7,21.5,500000.05,1,104,1,15,119.1703297
